[{"email":"ncreed0@google.it","phone_number":"863-455-8518","job_title":"GIS Technical Architect","SSN":"386-44-1037","special_skills":"VSD"},
{"email":"dderr1@businessweek.com","phone_number":"393-874-3213","job_title":"Office Assistant II","SSN":"620-19-4161","special_skills":"Prenuptial Agreements"},
{"email":"fpidler2@amazon.com","phone_number":"297-192-8301","job_title":"VP Product Management","SSN":"421-73-6817","special_skills":"LSF"},
{"email":"hbloomer3@cnet.com","phone_number":"132-735-4340","job_title":"Community Outreach Specialist","SSN":"427-70-8578","special_skills":"MCS"},
{"email":"kpicker4@woothemes.com","phone_number":"193-875-6030","job_title":"Health Coach II","SSN":"876-84-3589","special_skills":"RNA Biology"},
{"email":"channond5@youtube.com","phone_number":"239-388-6126","job_title":"Director of Sales","SSN":"246-40-3567","special_skills":"Air Traffic Control"},
{"email":"hbrumby6@gizmodo.com","phone_number":"711-670-9698","job_title":"VP Accounting","SSN":"601-14-8149","special_skills":"Dysphagia"},
{"email":"ngelsthorpe7@jigsy.com","phone_number":"758-406-5838","job_title":"Teacher","SSN":"840-37-3265","special_skills":"FBT"},
{"email":"cmacelholm8@hatena.ne.jp","phone_number":"292-975-9675","job_title":"Accounting Assistant III","SSN":"820-14-3618","special_skills":"JBoss Seam"},
{"email":"spaulmann9@wikia.com","phone_number":"573-711-9883","job_title":"Administrative Officer","SSN":"274-52-8170","special_skills":"GMP"},
{"email":"jalisona@youtube.com","phone_number":"144-119-5942","job_title":"Tax Accountant","SSN":"621-29-8204","special_skills":"DPM"},
{"email":"cstephensb@cocolog-nifty.com","phone_number":"695-764-7998","job_title":"Senior Editor","SSN":"601-95-7584","special_skills":"JVC"},
{"email":"ehendrixc@macromedia.com","phone_number":"770-863-5929","job_title":"Senior Developer","SSN":"534-87-8333","special_skills":"Ultrasound"},
{"email":"jbearfootd@dmoz.org","phone_number":"264-159-8770","job_title":"Financial Advisor","SSN":"480-72-1374","special_skills":"Molecular Cloning"},
{"email":"gpoe@uiuc.edu","phone_number":"948-398-2396","job_title":"VP Accounting","SSN":"454-06-3177","special_skills":"NX-OS"},
{"email":"vnewcomenf@ftc.gov","phone_number":"553-738-2501","job_title":"VP Quality Control","SSN":"210-19-1163","special_skills":"E-on Vue"},
{"email":"jshawelg@diigo.com","phone_number":"909-222-2437","job_title":"Chief Design Engineer","SSN":"487-05-5516","special_skills":"Reactive Ion Etching"},
{"email":"cfuzzeyh@tamu.edu","phone_number":"981-633-0023","job_title":"Clinical Specialist","SSN":"502-65-4506","special_skills":"Health Promotion"},
{"email":"abarroni@bloglines.com","phone_number":"210-424-7714","job_title":"VP Product Management","SSN":"774-92-2910","special_skills":"Motion Graphics"},
{"email":"asilburnj@blogger.com","phone_number":"635-576-5300","job_title":"Information Systems Manager","SSN":"458-34-7691","special_skills":"VNC"},
{"email":"eshropsheirk@sogou.com","phone_number":"591-223-9961","job_title":"Physical Therapy Assistant","SSN":"320-09-9631","special_skills":"IWR"},
{"email":"twillacotl@wsj.com","phone_number":"783-963-3617","job_title":"Accountant III","SSN":"886-94-5378","special_skills":"DFA"},
{"email":"jdaymentm@hexun.com","phone_number":"927-597-5586","job_title":"Compensation Analyst","SSN":"604-87-8865","special_skills":"Performing Arts"},
{"email":"adumphriesn@google.ca","phone_number":"168-305-9848","job_title":"Safety Technician II","SSN":"340-56-3991","special_skills":"Teaching"},
{"email":"abevaro@google.it","phone_number":"185-665-6629","job_title":"Office Assistant III","SSN":"674-87-9387","special_skills":"Axure RP"},
{"email":"rwellbelovedp@wunderground.com","phone_number":"918-313-5699","job_title":"Database Administrator I","SSN":"353-86-5526","special_skills":"Japanese Business Culture"},
{"email":"kcrawq@livejournal.com","phone_number":"699-596-8066","job_title":"Tax Accountant","SSN":"245-19-2737","special_skills":"LSI"},
{"email":"abrocklebankr@dagondesign.com","phone_number":"924-319-0509","job_title":"Chief Design Engineer","SSN":"533-54-2524","special_skills":"BCM"},
{"email":"rseppeys@forbes.com","phone_number":"654-869-4946","job_title":"Senior Quality Engineer","SSN":"329-27-2199","special_skills":"RFP"},
{"email":"bshermet@bigcartel.com","phone_number":"483-580-2832","job_title":"Chemical Engineer","SSN":"186-94-8355","special_skills":"WTP"},
{"email":"ngearyu@shutterfly.com","phone_number":"214-241-7435","job_title":"Account Representative I","SSN":"184-73-9807","special_skills":"Oracle XE"},
{"email":"memberyv@php.net","phone_number":"167-442-3488","job_title":"Librarian","SSN":"490-27-8938","special_skills":"Ab Initio"},
{"email":"aclemenceauw@ucoz.ru","phone_number":"145-127-9672","job_title":"Budget/Accounting Analyst III","SSN":"500-02-3921","special_skills":"XaaS"},
{"email":"ltiltx@newsvine.com","phone_number":"628-151-5839","job_title":"Food Chemist","SSN":"728-76-6558","special_skills":"Oil Paint"},
{"email":"cwallikery@privacy.gov.au","phone_number":"473-458-3349","job_title":"Research Nurse","SSN":"573-31-5434","special_skills":"Eggs"},
{"email":"mbolanz@xinhuanet.com","phone_number":"102-181-5471","job_title":"Programmer II","SSN":"837-37-0842","special_skills":"National Association of Realtors"},
{"email":"gmerioth10@china.com.cn","phone_number":"260-820-0757","job_title":"Senior Developer","SSN":"185-87-3141","special_skills":"Embedded C"},
{"email":"lrobertacci11@nba.com","phone_number":"715-277-4944","job_title":"Marketing Manager","SSN":"647-56-2285","special_skills":"Vocational Rehabilitation"},
{"email":"csweetzer12@prnewswire.com","phone_number":"325-842-4896","job_title":"Administrative Officer","SSN":"548-85-0654","special_skills":"Mobile Devices"},
{"email":"cjarry13@unesco.org","phone_number":"115-309-9634","job_title":"Software Consultant","SSN":"854-11-1448","special_skills":"MX960"},
{"email":"rdenning14@altervista.org","phone_number":"348-156-8624","job_title":"Computer Systems Analyst II","SSN":"567-23-7942","special_skills":"CWTS"},
{"email":"clingner15@squarespace.com","phone_number":"590-490-4482","job_title":"Safety Technician III","SSN":"444-64-3379","special_skills":"Awk"},
{"email":"pcoveny16@house.gov","phone_number":"130-596-5394","job_title":"Research Associate","SSN":"495-51-8690","special_skills":"Type 2 Diabetes"},
{"email":"nkeynes17@sbwire.com","phone_number":"412-580-2372","job_title":"Programmer Analyst I","SSN":"408-63-9231","special_skills":"RMI"},
{"email":"rhonnicott18@gmpg.org","phone_number":"201-192-0489","job_title":"Senior Editor","SSN":"278-06-6156","special_skills":"Amazon VPC"},
{"email":"elockhart19@yandex.ru","phone_number":"529-518-6794","job_title":"Data Coordiator","SSN":"451-80-4724","special_skills":"Dysphagia"},
{"email":"cgrix1a@webs.com","phone_number":"629-637-8474","job_title":"Analyst Programmer","SSN":"741-89-2634","special_skills":"FBCB2"},
{"email":"flasham1b@taobao.com","phone_number":"925-216-0367","job_title":"Information Systems Manager","SSN":"864-30-4704","special_skills":"Civil Society"},
{"email":"lstampe1c@google.com.hk","phone_number":"737-114-6622","job_title":"Design Engineer","SSN":"320-84-6787","special_skills":"NCover"},
{"email":"laitchinson1d@nba.com","phone_number":"866-156-7500","job_title":"Product Engineer","SSN":"369-91-3931","special_skills":"DDS"}]