[{"first_name":"Joni","last_name":"Marquese","gender":"Agender","resume_received":false,"coverletter_received":false},
{"first_name":"Darcie","last_name":"Terbeek","gender":"Polygender","resume_received":true,"coverletter_received":false},
{"first_name":"Hughie","last_name":"Giorgeschi","gender":"Genderfluid","resume_received":false,"coverletter_received":true},
{"first_name":"Nat","last_name":"Kiebes","gender":"Agender","resume_received":false,"coverletter_received":false},
{"first_name":"Haywood","last_name":"Perazzo","gender":"Non-binary","resume_received":true,"coverletter_received":true},
{"first_name":"Hughie","last_name":"Kinsley","gender":"Male","resume_received":true,"coverletter_received":false},
{"first_name":"Caspar","last_name":"Baskerville","gender":"Agender","resume_received":false,"coverletter_received":true},
{"first_name":"Lyndel","last_name":"Minichillo","gender":"Bigender","resume_received":true,"coverletter_received":true},
{"first_name":"Luise","last_name":"Holdey","gender":"Agender","resume_received":true,"coverletter_received":false},
{"first_name":"Vilhelmina","last_name":"Molines","gender":"Polygender","resume_received":false,"coverletter_received":false},
{"first_name":"Lin","last_name":"Maliffe","gender":"Bigender","resume_received":false,"coverletter_received":true},
{"first_name":"Cathie","last_name":"Lathee","gender":"Female","resume_received":false,"coverletter_received":false},
{"first_name":"Valeda","last_name":"Ruggles","gender":"Agender","resume_received":false,"coverletter_received":true},
{"first_name":"Jude","last_name":"Toffetto","gender":"Genderqueer","resume_received":true,"coverletter_received":false},
{"first_name":"Dniren","last_name":"Mellon","gender":"Polygender","resume_received":true,"coverletter_received":true},
{"first_name":"Aubine","last_name":"Starr","gender":"Agender","resume_received":false,"coverletter_received":true},
{"first_name":"Eberto","last_name":"Kubasek","gender":"Polygender","resume_received":false,"coverletter_received":false},
{"first_name":"Beth","last_name":"Worsnip","gender":"Bigender","resume_received":false,"coverletter_received":false},
{"first_name":"Diana","last_name":"Gawkes","gender":"Bigender","resume_received":false,"coverletter_received":false},
{"first_name":"Emyle","last_name":"Duffrie","gender":"Female","resume_received":true,"coverletter_received":true},
{"first_name":"Thibaud","last_name":"Bointon","gender":"Agender","resume_received":false,"coverletter_received":false},
{"first_name":"Jacqui","last_name":"McKinlay","gender":"Genderfluid","resume_received":true,"coverletter_received":false},
{"first_name":"Michele","last_name":"Gutcher","gender":"Genderqueer","resume_received":false,"coverletter_received":true},
{"first_name":"Gilbertine","last_name":"Khalid","gender":"Genderqueer","resume_received":false,"coverletter_received":false},
{"first_name":"Munmro","last_name":"Gianolini","gender":"Agender","resume_received":true,"coverletter_received":true},
{"first_name":"Christabel","last_name":"Blunsum","gender":"Non-binary","resume_received":false,"coverletter_received":true},
{"first_name":"Frederik","last_name":"Ruben","gender":"Female","resume_received":true,"coverletter_received":true},
{"first_name":"Wilton","last_name":"Rushmare","gender":"Male","resume_received":false,"coverletter_received":true},
{"first_name":"Viviana","last_name":"Chattelaine","gender":"Male","resume_received":true,"coverletter_received":false},
{"first_name":"Rosalynd","last_name":"Kluger","gender":"Genderfluid","resume_received":false,"coverletter_received":false},
{"first_name":"Ambrosi","last_name":"Rimell","gender":"Polygender","resume_received":true,"coverletter_received":false},
{"first_name":"Breanne","last_name":"Gregoli","gender":"Female","resume_received":true,"coverletter_received":false},
{"first_name":"Dreddy","last_name":"Roakes","gender":"Agender","resume_received":false,"coverletter_received":false},
{"first_name":"Mella","last_name":"Toyer","gender":"Female","resume_received":true,"coverletter_received":false},
{"first_name":"Jerome","last_name":"Dietz","gender":"Non-binary","resume_received":false,"coverletter_received":false},
{"first_name":"Anneliese","last_name":"Borg-Bartolo","gender":"Polygender","resume_received":false,"coverletter_received":false},
{"first_name":"Allan","last_name":"Urey","gender":"Female","resume_received":true,"coverletter_received":true},
{"first_name":"Yetta","last_name":"Croucher","gender":"Genderqueer","resume_received":true,"coverletter_received":true},
{"first_name":"Eduardo","last_name":"Tweed","gender":"Bigender","resume_received":false,"coverletter_received":true},
{"first_name":"Suzi","last_name":"Kendell","gender":"Female","resume_received":false,"coverletter_received":true},
{"first_name":"Nicole","last_name":"Heaney","gender":"Bigender","resume_received":false,"coverletter_received":false},
{"first_name":"Marshal","last_name":"Escalera","gender":"Non-binary","resume_received":false,"coverletter_received":true},
{"first_name":"Ansell","last_name":"Coote","gender":"Bigender","resume_received":false,"coverletter_received":false},
{"first_name":"Drugi","last_name":"MacAvddy","gender":"Polygender","resume_received":true,"coverletter_received":false},
{"first_name":"Gilemette","last_name":"Skeene","gender":"Non-binary","resume_received":true,"coverletter_received":true},
{"first_name":"Nessie","last_name":"Baitson","gender":"Genderfluid","resume_received":true,"coverletter_received":false},
{"first_name":"Crystal","last_name":"Frankcomb","gender":"Non-binary","resume_received":true,"coverletter_received":true},
{"first_name":"Janeta","last_name":"Cruxton","gender":"Agender","resume_received":true,"coverletter_received":false},
{"first_name":"Danny","last_name":"Shephard","gender":"Agender","resume_received":true,"coverletter_received":false},
{"first_name":"Horten","last_name":"Grenkov","gender":"Female","resume_received":true,"coverletter_received":false}]